KEY,FREQ,CURRENCY,CURRENCY_DENOM,EXR_TYPE,EXR_SUFFIX,TIME_PERIOD,OBS_VALUE,OBS_STATUS,OBS_CONF,OBS_PRE_BREAK,OBS_COM,TIME_FORMAT,BREAKS,COLLECTION,COMPILING_ORG,DISS_ORG,DOM_SER_IDS,PUBL_ECB,PUBL_MU,PUBL_PUBLIC,UNIT_INDEX_BASE,COMPILATION,COVERAGE,DECIMALS,NAT_TITLE,SOURCE_AGENCY,SOURCE_PUB,TITLE,TITLE_COMPL,UNIT,UNIT_MULT
EXR.D.CHF.EUR.SP00.A,D,CHF,EUR,SP00,A,2014-10-01,1.2072,A,,,,P1D,,A,,,,,,,99Q1=100,,,4,,4F0,,Swiss franc/Euro ECB reference exchange rate,"ECB reference exchange rate, Swiss franc/Euro, 2.15 pm (C.E.T.)",CHF,0
EXR.D.CHF.EUR.SP00.A,D,CHF,EUR,SP00,A,2014-10-02,1.2085,A,,,,P1D,,A,,,,,,,99Q1=100,,,4,,4F0,,Swiss franc/Euro ECB reference exchange rate,"ECB reference exchange rate, Swiss franc/Euro, 2.15 pm (C.E.T.)",CHF,0
EXR.D.CHF.EUR.SP00.A,D,CHF,EUR,SP00,A,2014-10-03,1.2089,A,,,,P1D,,A,,,,,,,99Q1=100,,,4,,4F0,,Swiss franc/Euro ECB reference exchange rate,"ECB reference exchange rate, Swiss franc/Euro, 2.15 pm (C.E.T.)",CHF,0
EXR.D.CHF.EUR.SP00.A,D,CHF,EUR,SP00,A,2014-10-06,1.212,A,,,,P1D,,A,,,,,,,99Q1=100,,,4,,4F0,,Swiss franc/Euro ECB reference exchange rate,"ECB reference exchange rate, Swiss franc/Euro, 2.15 pm (C.E.T.)",CHF,0
EXR.D.CHF.EUR.SP00.A,D,CHF,EUR,SP00,A,2014-10-07,1.2115,A,,,,P1D,,A,,,,,,,99Q1=100,,,4,,4F0,,Swiss franc/Euro ECB reference exchange rate,"ECB reference exchange rate, Swiss franc/Euro, 2.15 pm (C.E.T.)",CHF,0
EXR.D.CHF.EUR.SP00.A,D,CHF,EUR,SP00,A,2014-10-08,1.2132,A,,,,P1D,,A,,,,,,,99Q1=100,,,4,,4F0,,Swiss franc/Euro ECB reference exchange rate,"ECB reference exchange rate, Swiss franc/Euro, 2.15 pm (C.E.T.)",CHF,0
EXR.D.CHF.EUR.SP00.A,D,CHF,EUR,SP00,A,2014-10-09,1.2107,A,,,,P1D,,A,,,,,,,99Q1=100,,,4,,4F0,,Swiss franc/Euro ECB reference exchange rate,"ECB reference exchange rate, Swiss franc/Euro, 2.15 pm (C.E.T.)",CHF,0
EXR.D.CHF.EUR.SP00.A,D,CHF,EUR,SP00,A,2014-10-10,1.2092,A,,,,P1D,,A,,,,,,,99Q1=100,,,4,,4F0,,Swiss franc/Euro ECB reference exchange rate,"ECB reference exchange rate, Swiss franc/Euro, 2.15 pm (C.E.T.)",CHF,0
EXR.D.CHF.EUR.SP00.A,D,CHF,EUR,SP00,A,2014-10-13,1.2077,A,,,,P1D,,A,,,,,,,99Q1=100,,,4,,4F0,,Swiss franc/Euro ECB reference exchange rate,"ECB reference exchange rate, Swiss franc/Euro, 2.15 pm (C.E.T.)",CHF,0
EXR.D.CHF.EUR.SP00.A,D,CHF,EUR,SP00,A,2014-10-14,1.2079,A,,,,P1D,,A,,,,,,,99Q1=100,,,4,,4F0,,Swiss franc/Euro ECB reference exchange rate,"ECB reference exchange rate, Swiss franc/Euro, 2.15 pm (C.E.T.)",CHF,0
EXR.D.CHF.EUR.SP00.A,D,CHF,EUR,SP00,A,2014-10-15,1.2072,A,,,,P1D,,A,,,,,,,99Q1=100,,,4,,4F0,,Swiss franc/Euro ECB reference exchange rate,"ECB reference exchange rate, Swiss franc/Euro, 2.15 pm (C.E.T.)",CHF,0
EXR.D.CHF.EUR.SP00.A,D,CHF,EUR,SP00,A,2014-10-16,1.2061,A,,,,P1D,,A,,,,,,,99Q1=100,,,4,,4F0,,Swiss franc/Euro ECB reference exchange rate,"ECB reference exchange rate, Swiss franc/Euro, 2.15 pm (C.E.T.)",CHF,0
EXR.D.CHF.EUR.SP00.A,D,CHF,EUR,SP00,A,2014-10-17,1.2074,A,,,,P1D,,A,,,,,,,99Q1=100,,,4,,4F0,,Swiss franc/Euro ECB reference exchange rate,"ECB reference exchange rate, Swiss franc/Euro, 2.15 pm (C.E.T.)",CHF,0
EXR.D.CHF.EUR.SP00.A,D,CHF,EUR,SP00,A,2014-10-20,1.2064,A,,,,P1D,,A,,,,,,,99Q1=100,,,4,,4F0,,Swiss franc/Euro ECB reference exchange rate,"ECB reference exchange rate, Swiss franc/Euro, 2.15 pm (C.E.T.)",CHF,0
EXR.D.CHF.EUR.SP00.A,D,CHF,EUR,SP00,A,2014-10-21,1.2068,A,,,,P1D,,A,,,,,,,99Q1=100,,,4,,4F0,,Swiss franc/Euro ECB reference exchange rate,"ECB reference exchange rate, Swiss franc/Euro, 2.15 pm (C.E.T.)",CHF,0
EXR.D.CHF.EUR.SP00.A,D,CHF,EUR,SP00,A,2014-10-22,1.2062,A,,,,P1D,,A,,,,,,,99Q1=100,,,4,,4F0,,Swiss franc/Euro ECB reference exchange rate,"ECB reference exchange rate, Swiss franc/Euro, 2.15 pm (C.E.T.)",CHF,0
EXR.D.CHF.EUR.SP00.A,D,CHF,EUR,SP00,A,2014-10-23,1.2067,A,,,,P1D,,A,,,,,,,99Q1=100,,,4,,4F0,,Swiss franc/Euro ECB reference exchange rate,"ECB reference exchange rate, Swiss franc/Euro, 2.15 pm (C.E.T.)",CHF,0
EXR.D.CHF.EUR.SP00.A,D,CHF,EUR,SP00,A,2014-10-24,1.206,A,,,,P1D,,A,,,,,,,99Q1=100,,,4,,4F0,,Swiss franc/Euro ECB reference exchange rate,"ECB reference exchange rate, Swiss franc/Euro, 2.15 pm (C.E.T.)",CHF,0
EXR.D.CHF.EUR.SP00.A,D,CHF,EUR,SP00,A,2014-10-27,1.206,A,,,,P1D,,A,,,,,,,99Q1=100,,,4,,4F0,,Swiss franc/Euro ECB reference exchange rate,"ECB reference exchange rate, Swiss franc/Euro, 2.15 pm (C.E.T.)",CHF,0
EXR.D.CHF.EUR.SP00.A,D,CHF,EUR,SP00,A,2014-10-28,1.2056,A,,,,P1D,,A,,,,,,,99Q1=100,,,4,,4F0,,Swiss franc/Euro ECB reference exchange rate,"ECB reference exchange rate, Swiss franc/Euro, 2.15 pm (C.E.T.)",CHF,0
EXR.D.CHF.EUR.SP00.A,D,CHF,EUR,SP00,A,2014-10-29,1.2059,A,,,,P1D,,A,,,,,,,99Q1=100,,,4,,4F0,,Swiss franc/Euro ECB reference exchange rate,"ECB reference exchange rate, Swiss franc/Euro, 2.15 pm (C.E.T.)",CHF,0
EXR.D.CHF.EUR.SP00.A,D,CHF,EUR,SP00,A,2014-10-30,1.2059,A,,,,P1D,,A,,,,,,,99Q1=100,,,4,,4F0,,Swiss franc/Euro ECB reference exchange rate,"ECB reference exchange rate, Swiss franc/Euro, 2.15 pm (C.E.T.)",CHF,0
EXR.D.CHF.EUR.SP00.A,D,CHF,EUR,SP00,A,2014-10-31,1.2067,A,,,,P1D,,A,,,,,,,99Q1=100,,,4,,4F0,,Swiss franc/Euro ECB reference exchange rate,"ECB reference exchange rate, Swiss franc/Euro, 2.15 pm (C.E.T.)",CHF,0
EXR.D.CHF.EUR.SP00.A,D,CHF,EUR,SP00,A,2014-11-03,1.2054,A,,,,P1D,,A,,,,,,,99Q1=100,,,4,,4F0,,Swiss franc/Euro ECB reference exchange rate,"ECB reference exchange rate, Swiss franc/Euro, 2.15 pm (C.E.T.)",CHF,0
EXR.D.CHF.EUR.SP00.A,D,CHF,EUR,SP00,A,2014-11-04,1.2055,A,,,,P1D,,A,,,,,,,99Q1=100,,,4,,4F0,,Swiss franc/Euro ECB reference exchange rate,"ECB reference exchange rate, Swiss franc/Euro, 2.15 pm (C.E.T.)",CHF,0
EXR.D.CHF.EUR.SP00.A,D,CHF,EUR,SP00,A,2014-11-05,1.2043,A,,,,P1D,,A,,,,,,,99Q1=100,,,4,,4F0,,Swiss franc/Euro ECB reference exchange rate,"ECB reference exchange rate, Swiss franc/Euro, 2.15 pm (C.E.T.)",CHF,0
EXR.D.CHF.EUR.SP00.A,D,CHF,EUR,SP00,A,2014-11-06,1.2045,A,,,,P1D,,A,,,,,,,99Q1=100,,,4,,4F0,,Swiss franc/Euro ECB reference exchange rate,"ECB reference exchange rate, Swiss franc/Euro, 2.15 pm (C.E.T.)",CHF,0
EXR.D.CHF.EUR.SP00.A,D,CHF,EUR,SP00,A,2014-11-07,1.204,A,,,,P1D,,A,,,,,,,99Q1=100,,,4,,4F0,,Swiss franc/Euro ECB reference exchange rate,"ECB reference exchange rate, Swiss franc/Euro, 2.15 pm (C.E.T.)",CHF,0
EXR.D.CHF.EUR.SP00.A,D,CHF,EUR,SP00,A,2014-11-10,1.2028,A,,,,P1D,,A,,,,,,,99Q1=100,,,4,,4F0,,Swiss franc/Euro ECB reference exchange rate,"ECB reference exchange rate, Swiss franc/Euro, 2.15 pm (C.E.T.)",CHF,0
EXR.D.CHF.EUR.SP00.A,D,CHF,EUR,SP00,A,2014-11-11,1.2024,A,,,,P1D,,A,,,,,,,99Q1=100,,,4,,4F0,,Swiss franc/Euro ECB reference exchange rate,"ECB reference exchange rate, Swiss franc/Euro, 2.15 pm (C.E.T.)",CHF,0
EXR.D.CHF.EUR.SP00.A,D,CHF,EUR,SP00,A,2014-11-12,1.2023,A,,,,P1D,,A,,,,,,,99Q1=100,,,4,,4F0,,Swiss franc/Euro ECB reference exchange rate,"ECB reference exchange rate, Swiss franc/Euro, 2.15 pm (C.E.T.)",CHF,0
EXR.D.CHF.EUR.SP00.A,D,CHF,EUR,SP00,A,2014-11-13,1.2018,A,,,,P1D,,A,,,,,,,99Q1=100,,,4,,4F0,,Swiss franc/Euro ECB reference exchange rate,"ECB reference exchange rate, Swiss franc/Euro, 2.15 pm (C.E.T.)",CHF,0
EXR.D.CHF.EUR.SP00.A,D,CHF,EUR,SP00,A,2014-11-14,1.2015,A,,,,P1D,,A,,,,,,,99Q1=100,,,4,,4F0,,Swiss franc/Euro ECB reference exchange rate,"ECB reference exchange rate, Swiss franc/Euro, 2.15 pm (C.E.T.)",CHF,0
EXR.D.CHF.EUR.SP00.A,D,CHF,EUR,SP00,A,2014-11-17,1.2013,A,,,,P1D,,A,,,,,,,99Q1=100,,,4,,4F0,,Swiss franc/Euro ECB reference exchange rate,"ECB reference exchange rate, Swiss franc/Euro, 2.15 pm (C.E.T.)",CHF,0
EXR.D.CHF.EUR.SP00.A,D,CHF,EUR,SP00,A,2014-11-18,1.2013,A,,,,P1D,,A,,,,,,,99Q1=100,,,4,,4F0,,Swiss franc/Euro ECB reference exchange rate,"ECB reference exchange rate, Swiss franc/Euro, 2.15 pm (C.E.T.)",CHF,0
EXR.D.CHF.EUR.SP00.A,D,CHF,EUR,SP00,A,2014-11-19,1.2014,A,,,,P1D,,A,,,,,,,99Q1=100,,,4,,4F0,,Swiss franc/Euro ECB reference exchange rate,"ECB reference exchange rate, Swiss franc/Euro, 2.15 pm (C.E.T.)",CHF,0
EXR.D.CHF.EUR.SP00.A,D,CHF,EUR,SP00,A,2014-11-20,1.2014,A,,,,P1D,,A,,,,,,,99Q1=100,,,4,,4F0,,Swiss franc/Euro ECB reference exchange rate,"ECB reference exchange rate, Swiss franc/Euro, 2.15 pm (C.E.T.)",CHF,0
EXR.D.CHF.EUR.SP00.A,D,CHF,EUR,SP00,A,2014-11-21,1.2024,A,,,,P1D,,A,,,,,,,99Q1=100,,,4,,4F0,,Swiss franc/Euro ECB reference exchange rate,"ECB reference exchange rate, Swiss franc/Euro, 2.15 pm (C.E.T.)",CHF,0
EXR.D.CHF.EUR.SP00.A,D,CHF,EUR,SP00,A,2014-11-24,1.2027,A,,,,P1D,,A,,,,,,,99Q1=100,,,4,,4F0,,Swiss franc/Euro ECB reference exchange rate,"ECB reference exchange rate, Swiss franc/Euro, 2.15 pm (C.E.T.)",CHF,0
EXR.D.CHF.EUR.SP00.A,D,CHF,EUR,SP00,A,2014-11-25,1.203,A,,,,P1D,,A,,,,,,,99Q1=100,,,4,,4F0,,Swiss franc/Euro ECB reference exchange rate,"ECB reference exchange rate, Swiss franc/Euro, 2.15 pm (C.E.T.)",CHF,0
EXR.D.CHF.EUR.SP00.A,D,CHF,EUR,SP00,A,2014-11-26,1.2026,A,,,,P1D,,A,,,,,,,99Q1=100,,,4,,4F0,,Swiss franc/Euro ECB reference exchange rate,"ECB reference exchange rate, Swiss franc/Euro, 2.15 pm (C.E.T.)",CHF,0
EXR.D.CHF.EUR.SP00.A,D,CHF,EUR,SP00,A,2014-11-27,1.2022,A,,,,P1D,,A,,,,,,,99Q1=100,,,4,,4F0,,Swiss franc/Euro ECB reference exchange rate,"ECB reference exchange rate, Swiss franc/Euro, 2.15 pm (C.E.T.)",CHF,0
EXR.D.CHF.EUR.SP00.A,D,CHF,EUR,SP00,A,2014-11-28,1.2018,A,,,,P1D,,A,,,,,,,99Q1=100,,,4,,4F0,,Swiss franc/Euro ECB reference exchange rate,"ECB reference exchange rate, Swiss franc/Euro, 2.15 pm (C.E.T.)",CHF,0
EXR.D.CHF.EUR.SP00.A,D,CHF,EUR,SP00,A,2014-12-01,1.2028,A,,,,P1D,,A,,,,,,,99Q1=100,,,4,,4F0,,Swiss franc/Euro ECB reference exchange rate,"ECB reference exchange rate, Swiss franc/Euro, 2.15 pm (C.E.T.)",CHF,0
EXR.D.CHF.EUR.SP00.A,D,CHF,EUR,SP00,A,2014-12-02,1.204,A,,,,P1D,,A,,,,,,,99Q1=100,,,4,,4F0,,Swiss franc/Euro ECB reference exchange rate,"ECB reference exchange rate, Swiss franc/Euro, 2.15 pm (C.E.T.)",CHF,0
EXR.D.CHF.EUR.SP00.A,D,CHF,EUR,SP00,A,2014-12-03,1.2032,A,,,,P1D,,A,,,,,,,99Q1=100,,,4,,4F0,,Swiss franc/Euro ECB reference exchange rate,"ECB reference exchange rate, Swiss franc/Euro, 2.15 pm (C.E.T.)",CHF,0
EXR.D.CHF.EUR.SP00.A,D,CHF,EUR,SP00,A,2014-12-04,1.2035,A,,,,P1D,,A,,,,,,,99Q1=100,,,4,,4F0,,Swiss franc/Euro ECB reference exchange rate,"ECB reference exchange rate, Swiss franc/Euro, 2.15 pm (C.E.T.)",CHF,0
EXR.D.CHF.EUR.SP00.A,D,CHF,EUR,SP00,A,2014-12-05,1.2021,A,,,,P1D,,A,,,,,,,99Q1=100,,,4,,4F0,,Swiss franc/Euro ECB reference exchange rate,"ECB reference exchange rate, Swiss franc/Euro, 2.15 pm (C.E.T.)",CHF,0
EXR.D.CHF.EUR.SP00.A,D,CHF,EUR,SP00,A,2014-12-08,1.2023,A,,,,P1D,,A,,,,,,,99Q1=100,,,4,,4F0,,Swiss franc/Euro ECB reference exchange rate,"ECB reference exchange rate, Swiss franc/Euro, 2.15 pm (C.E.T.)",CHF,0
EXR.D.CHF.EUR.SP00.A,D,CHF,EUR,SP00,A,2014-12-09,1.2021,A,,,,P1D,,A,,,,,,,99Q1=100,,,4,,4F0,,Swiss franc/Euro ECB reference exchange rate,"ECB reference exchange rate, Swiss franc/Euro, 2.15 pm (C.E.T.)",CHF,0
EXR.D.CHF.EUR.SP00.A,D,CHF,EUR,SP00,A,2014-12-10,1.2024,A,,,,P1D,,A,,,,,,,99Q1=100,,,4,,4F0,,Swiss franc/Euro ECB reference exchange rate,"ECB reference exchange rate, Swiss franc/Euro, 2.15 pm (C.E.T.)",CHF,0
EXR.D.CHF.EUR.SP00.A,D,CHF,EUR,SP00,A,2014-12-11,1.2012,A,,,,P1D,,A,,,,,,,99Q1=100,,,4,,4F0,,Swiss franc/Euro ECB reference exchange rate,"ECB reference exchange rate, Swiss franc/Euro, 2.15 pm (C.E.T.)",CHF,0
EXR.D.CHF.EUR.SP00.A,D,CHF,EUR,SP00,A,2014-12-12,1.201,A,,,,P1D,,A,,,,,,,99Q1=100,,,4,,4F0,,Swiss franc/Euro ECB reference exchange rate,"ECB reference exchange rate, Swiss franc/Euro, 2.15 pm (C.E.T.)",CHF,0
EXR.D.CHF.EUR.SP00.A,D,CHF,EUR,SP00,A,2014-12-15,1.2011,A,,,,P1D,,A,,,,,,,99Q1=100,,,4,,4F0,,Swiss franc/Euro ECB reference exchange rate,"ECB reference exchange rate, Swiss franc/Euro, 2.15 pm (C.E.T.)",CHF,0
EXR.D.CHF.EUR.SP00.A,D,CHF,EUR,SP00,A,2014-12-16,1.2009,A,,,,P1D,,A,,,,,,,99Q1=100,,,4,,4F0,,Swiss franc/Euro ECB reference exchange rate,"ECB reference exchange rate, Swiss franc/Euro, 2.15 pm (C.E.T.)",CHF,0
EXR.D.CHF.EUR.SP00.A,D,CHF,EUR,SP00,A,2014-12-17,1.201,A,,,,P1D,,A,,,,,,,99Q1=100,,,4,,4F0,,Swiss franc/Euro ECB reference exchange rate,"ECB reference exchange rate, Swiss franc/Euro, 2.15 pm (C.E.T.)",CHF,0
EXR.D.CHF.EUR.SP00.A,D,CHF,EUR,SP00,A,2014-12-18,1.2052,A,,,,P1D,,A,,,,,,,99Q1=100,,,4,,4F0,,Swiss franc/Euro ECB reference exchange rate,"ECB reference exchange rate, Swiss franc/Euro, 2.15 pm (C.E.T.)",CHF,0
EXR.D.CHF.EUR.SP00.A,D,CHF,EUR,SP00,A,2014-12-19,1.2039,A,,,,P1D,,A,,,,,,,99Q1=100,,,4,,4F0,,Swiss franc/Euro ECB reference exchange rate,"ECB reference exchange rate, Swiss franc/Euro, 2.15 pm (C.E.T.)",CHF,0
EXR.D.CHF.EUR.SP00.A,D,CHF,EUR,SP00,A,2014-12-22,1.2035,A,,,,P1D,,A,,,,,,,99Q1=100,,,4,,4F0,,Swiss franc/Euro ECB reference exchange rate,"ECB reference exchange rate, Swiss franc/Euro, 2.15 pm (C.E.T.)",CHF,0
EXR.D.CHF.EUR.SP00.A,D,CHF,EUR,SP00,A,2014-12-23,1.2032,A,,,,P1D,,A,,,,,,,99Q1=100,,,4,,4F0,,Swiss franc/Euro ECB reference exchange rate,"ECB reference exchange rate, Swiss franc/Euro, 2.15 pm (C.E.T.)",CHF,0
EXR.D.CHF.EUR.SP00.A,D,CHF,EUR,SP00,A,2014-12-24,1.2025,A,,,,P1D,,A,,,,,,,99Q1=100,,,4,,4F0,,Swiss franc/Euro ECB reference exchange rate,"ECB reference exchange rate, Swiss franc/Euro, 2.15 pm (C.E.T.)",CHF,0
EXR.D.CHF.EUR.SP00.A,D,CHF,EUR,SP00,A,2014-12-29,1.2028,A,,,,P1D,,A,,,,,,,99Q1=100,,,4,,4F0,,Swiss franc/Euro ECB reference exchange rate,"ECB reference exchange rate, Swiss franc/Euro, 2.15 pm (C.E.T.)",CHF,0
EXR.D.CHF.EUR.SP00.A,D,CHF,EUR,SP00,A,2014-12-30,1.2028,A,,,,P1D,,A,,,,,,,99Q1=100,,,4,,4F0,,Swiss franc/Euro ECB reference exchange rate,"ECB reference exchange rate, Swiss franc/Euro, 2.15 pm (C.E.T.)",CHF,0
EXR.D.CHF.EUR.SP00.A,D,CHF,EUR,SP00,A,2014-12-31,1.2024,A,,,,P1D,,A,,,,,,,99Q1=100,,,4,,4F0,,Swiss franc/Euro ECB reference exchange rate,"ECB reference exchange rate, Swiss franc/Euro, 2.15 pm (C.E.T.)",CHF,0
EXR.D.CHF.EUR.SP00.A,D,CHF,EUR,SP00,A,2015-01-02,1.2022,A,,,,P1D,,A,,,,,,,99Q1=100,,,4,,4F0,,Swiss franc/Euro ECB reference exchange rate,"ECB reference exchange rate, Swiss franc/Euro, 2.15 pm (C.E.T.)",CHF,0
EXR.D.CHF.EUR.SP00.A,D,CHF,EUR,SP00,A,2015-01-05,1.2016,A,,,,P1D,,A,,,,,,,99Q1=100,,,4,,4F0,,Swiss franc/Euro ECB reference exchange rate,"ECB reference exchange rate, Swiss franc/Euro, 2.15 pm (C.E.T.)",CHF,0
EXR.D.CHF.EUR.SP00.A,D,CHF,EUR,SP00,A,2015-01-06,1.2014,A,,,,P1D,,A,,,,,,,99Q1=100,,,4,,4F0,,Swiss franc/Euro ECB reference exchange rate,"ECB reference exchange rate, Swiss franc/Euro, 2.15 pm (C.E.T.)",CHF,0
EXR.D.CHF.EUR.SP00.A,D,CHF,EUR,SP00,A,2015-01-07,1.2011,A,,,,P1D,,A,,,,,,,99Q1=100,,,4,,4F0,,Swiss franc/Euro ECB reference exchange rate,"ECB reference exchange rate, Swiss franc/Euro, 2.15 pm (C.E.T.)",CHF,0
EXR.D.CHF.EUR.SP00.A,D,CHF,EUR,SP00,A,2015-01-08,1.201,A,,,,P1D,,A,,,,,,,99Q1=100,,,4,,4F0,,Swiss franc/Euro ECB reference exchange rate,"ECB reference exchange rate, Swiss franc/Euro, 2.15 pm (C.E.T.)",CHF,0
EXR.D.CHF.EUR.SP00.A,D,CHF,EUR,SP00,A,2015-01-09,1.201,A,,,,P1D,,A,,,,,,,99Q1=100,,,4,,4F0,,Swiss franc/Euro ECB reference exchange rate,"ECB reference exchange rate, Swiss franc/Euro, 2.15 pm (C.E.T.)",CHF,0
EXR.D.CHF.EUR.SP00.A,D,CHF,EUR,SP00,A,2015-01-12,1.201,A,,,,P1D,,A,,,,,,,99Q1=100,,,4,,4F0,,Swiss franc/Euro ECB reference exchange rate,"ECB reference exchange rate, Swiss franc/Euro, 2.15 pm (C.E.T.)",CHF,0
EXR.D.CHF.EUR.SP00.A,D,CHF,EUR,SP00,A,2015-01-13,1.201,A,,,,P1D,,A,,,,,,,99Q1=100,,,4,,4F0,,Swiss franc/Euro ECB reference exchange rate,"ECB reference exchange rate, Swiss franc/Euro, 2.15 pm (C.E.T.)",CHF,0
EXR.D.CHF.EUR.SP00.A,D,CHF,EUR,SP00,A,2015-01-14,1.201,A,,,,P1D,,A,,,,,,,99Q1=100,,,4,,4F0,,Swiss franc/Euro ECB reference exchange rate,"ECB reference exchange rate, Swiss franc/Euro, 2.15 pm (C.E.T.)",CHF,0
EXR.D.CHF.EUR.SP00.A,D,CHF,EUR,SP00,A,2015-01-15,1.028,A,,,,P1D,,A,,,,,,,99Q1=100,,,4,,4F0,,Swiss franc/Euro ECB reference exchange rate,"ECB reference exchange rate, Swiss franc/Euro, 2.15 pm (C.E.T.)",CHF,0
EXR.D.CHF.EUR.SP00.A,D,CHF,EUR,SP00,A,2015-01-16,1.0128,A,,,,P1D,,A,,,,,,,99Q1=100,,,4,,4F0,,Swiss franc/Euro ECB reference exchange rate,"ECB reference exchange rate, Swiss franc/Euro, 2.15 pm (C.E.T.)",CHF,0
EXR.D.CHF.EUR.SP00.A,D,CHF,EUR,SP00,A,2015-01-19,1.012,A,,,,P1D,,A,,,,,,,99Q1=100,,,4,,4F0,,Swiss franc/Euro ECB reference exchange rate,"ECB reference exchange rate, Swiss franc/Euro, 2.15 pm (C.E.T.)",CHF,0
EXR.D.CHF.EUR.SP00.A,D,CHF,EUR,SP00,A,2015-01-20,1.0087,A,,,,P1D,,A,,,,,,,99Q1=100,,,4,,4F0,,Swiss franc/Euro ECB reference exchange rate,"ECB reference exchange rate, Swiss franc/Euro, 2.15 pm (C.E.T.)",CHF,0
EXR.D.CHF.EUR.SP00.A,D,CHF,EUR,SP00,A,2015-01-21,0.9997,A,,,,P1D,,A,,,,,,,99Q1=100,,,4,,4F0,,Swiss franc/Euro ECB reference exchange rate,"ECB reference exchange rate, Swiss franc/Euro, 2.15 pm (C.E.T.)",CHF,0
EXR.D.CHF.EUR.SP00.A,D,CHF,EUR,SP00,A,2015-01-22,0.9943,A,,,,P1D,,A,,,,,,,99Q1=100,,,4,,4F0,,Swiss franc/Euro ECB reference exchange rate,"ECB reference exchange rate, Swiss franc/Euro, 2.15 pm (C.E.T.)",CHF,0
EXR.D.CHF.EUR.SP00.A,D,CHF,EUR,SP00,A,2015-01-23,0.9816,A,,,,P1D,,A,,,,,,,99Q1=100,,,4,,4F0,,Swiss franc/Euro ECB reference exchange rate,"ECB reference exchange rate, Swiss franc/Euro, 2.15 pm (C.E.T.)",CHF,0
EXR.D.CHF.EUR.SP00.A,D,CHF,EUR,SP00,A,2015-01-26,1.0014,A,,,,P1D,,A,,,,,,,99Q1=100,,,4,,4F0,,Swiss franc/Euro ECB reference exchange rate,"ECB reference exchange rate, Swiss franc/Euro, 2.15 pm (C.E.T.)",CHF,0
EXR.D.CHF.EUR.SP00.A,D,CHF,EUR,SP00,A,2015-01-27,1.017,A,,,,P1D,,A,,,,,,,99Q1=100,,,4,,4F0,,Swiss franc/Euro ECB reference exchange rate,"ECB reference exchange rate, Swiss franc/Euro, 2.15 pm (C.E.T.)",CHF,0
EXR.D.CHF.EUR.SP00.A,D,CHF,EUR,SP00,A,2015-01-28,1.0242,A,,,,P1D,,A,,,,,,,99Q1=100,,,4,,4F0,,Swiss franc/Euro ECB reference exchange rate,"ECB reference exchange rate, Swiss franc/Euro, 2.15 pm (C.E.T.)",CHF,0
EXR.D.CHF.EUR.SP00.A,D,CHF,EUR,SP00,A,2015-01-29,1.0372,A,,,,P1D,,A,,,,,,,99Q1=100,,,4,,4F0,,Swiss franc/Euro ECB reference exchange rate,"ECB reference exchange rate, Swiss franc/Euro, 2.15 pm (C.E.T.)",CHF,0
EXR.D.CHF.EUR.SP00.A,D,CHF,EUR,SP00,A,2015-01-30,1.0468,A,,,,P1D,,A,,,,,,,99Q1=100,,,4,,4F0,,Swiss franc/Euro ECB reference exchange rate,"ECB reference exchange rate, Swiss franc/Euro, 2.15 pm (C.E.T.)",CHF,0
EXR.D.CHF.EUR.SP00.A,D,CHF,EUR,SP00,A,2015-02-02,1.0519,A,,,,P1D,,A,,,,,,,99Q1=100,,,4,,4F0,,Swiss franc/Euro ECB reference exchange rate,"ECB reference exchange rate, Swiss franc/Euro, 2.15 pm (C.E.T.)",CHF,0
EXR.D.CHF.EUR.SP00.A,D,CHF,EUR,SP00,A,2015-02-03,1.0526,A,,,,P1D,,A,,,,,,,99Q1=100,,,4,,4F0,,Swiss franc/Euro ECB reference exchange rate,"ECB reference exchange rate, Swiss franc/Euro, 2.15 pm (C.E.T.)",CHF,0
EXR.D.CHF.EUR.SP00.A,D,CHF,EUR,SP00,A,2015-02-04,1.0602,A,,,,P1D,,A,,,,,,,99Q1=100,,,4,,4F0,,Swiss franc/Euro ECB reference exchange rate,"ECB reference exchange rate, Swiss franc/Euro, 2.15 pm (C.E.T.)",CHF,0
EXR.D.CHF.EUR.SP00.A,D,CHF,EUR,SP00,A,2015-02-05,1.0587,A,,,,P1D,,A,,,,,,,99Q1=100,,,4,,4F0,,Swiss franc/Euro ECB reference exchange rate,"ECB reference exchange rate, Swiss franc/Euro, 2.15 pm (C.E.T.)",CHF,0
EXR.D.CHF.EUR.SP00.A,D,CHF,EUR,SP00,A,2015-02-06,1.0534,A,,,,P1D,,A,,,,,,,99Q1=100,,,4,,4F0,,Swiss franc/Euro ECB reference exchange rate,"ECB reference exchange rate, Swiss franc/Euro, 2.15 pm (C.E.T.)",CHF,0
EXR.D.CHF.EUR.SP00.A,D,CHF,EUR,SP00,A,2015-02-09,1.0428,A,,,,P1D,,A,,,,,,,99Q1=100,,,4,,4F0,,Swiss franc/Euro ECB reference exchange rate,"ECB reference exchange rate, Swiss franc/Euro, 2.15 pm (C.E.T.)",CHF,0
EXR.D.CHF.EUR.SP00.A,D,CHF,EUR,SP00,A,2015-02-10,1.0457,A,,,,P1D,,A,,,,,,,99Q1=100,,,4,,4F0,,Swiss franc/Euro ECB reference exchange rate,"ECB reference exchange rate, Swiss franc/Euro, 2.15 pm (C.E.T.)",CHF,0
EXR.D.CHF.EUR.SP00.A,D,CHF,EUR,SP00,A,2015-02-11,1.0465,A,,,,P1D,,A,,,,,,,99Q1=100,,,4,,4F0,,Swiss franc/Euro ECB reference exchange rate,"ECB reference exchange rate, Swiss franc/Euro, 2.15 pm (C.E.T.)",CHF,0
EXR.D.CHF.EUR.SP00.A,D,CHF,EUR,SP00,A,2015-02-12,1.0559,A,,,,P1D,,A,,,,,,,99Q1=100,,,4,,4F0,,Swiss franc/Euro ECB reference exchange rate,"ECB reference exchange rate, Swiss franc/Euro, 2.15 pm (C.E.T.)",CHF,0
EXR.D.CHF.EUR.SP00.A,D,CHF,EUR,SP00,A,2015-02-13,1.0576,A,,,,P1D,,A,,,,,,,99Q1=100,,,4,,4F0,,Swiss franc/Euro ECB reference exchange rate,"ECB reference exchange rate, Swiss franc/Euro, 2.15 pm (C.E.T.)",CHF,0
EXR.D.CHF.EUR.SP00.A,D,CHF,EUR,SP00,A,2015-02-16,1.0626,A,,,,P1D,,A,,,,,,,99Q1=100,,,4,,4F0,,Swiss franc/Euro ECB reference exchange rate,"ECB reference exchange rate, Swiss franc/Euro, 2.15 pm (C.E.T.)",CHF,0
EXR.D.CHF.EUR.SP00.A,D,CHF,EUR,SP00,A,2015-02-17,1.0631,A,,,,P1D,,A,,,,,,,99Q1=100,,,4,,4F0,,Swiss franc/Euro ECB reference exchange rate,"ECB reference exchange rate, Swiss franc/Euro, 2.15 pm (C.E.T.)",CHF,0
EXR.D.CHF.EUR.SP00.A,D,CHF,EUR,SP00,A,2015-02-18,1.0707,A,,,,P1D,,A,,,,,,,99Q1=100,,,4,,4F0,,Swiss franc/Euro ECB reference exchange rate,"ECB reference exchange rate, Swiss franc/Euro, 2.15 pm (C.E.T.)",CHF,0
EXR.D.CHF.EUR.SP00.A,D,CHF,EUR,SP00,A,2015-02-19,1.0796,A,,,,P1D,,A,,,,,,,99Q1=100,,,4,,4F0,,Swiss franc/Euro ECB reference exchange rate,"ECB reference exchange rate, Swiss franc/Euro, 2.15 pm (C.E.T.)",CHF,0
EXR.D.CHF.EUR.SP00.A,D,CHF,EUR,SP00,A,2015-02-20,1.0718,A,,,,P1D,,A,,,,,,,99Q1=100,,,4,,4F0,,Swiss franc/Euro ECB reference exchange rate,"ECB reference exchange rate, Swiss franc/Euro, 2.15 pm (C.E.T.)",CHF,0
EXR.D.CHF.EUR.SP00.A,D,CHF,EUR,SP00,A,2015-02-23,1.0727,A,,,,P1D,,A,,,,,,,99Q1=100,,,4,,4F0,,Swiss franc/Euro ECB reference exchange rate,"ECB reference exchange rate, Swiss franc/Euro, 2.15 pm (C.E.T.)",CHF,0
EXR.D.CHF.EUR.SP00.A,D,CHF,EUR,SP00,A,2015-02-24,1.0755,A,,,,P1D,,A,,,,,,,99Q1=100,,,4,,4F0,,Swiss franc/Euro ECB reference exchange rate,"ECB reference exchange rate, Swiss franc/Euro, 2.15 pm (C.E.T.)",CHF,0
EXR.D.CHF.EUR.SP00.A,D,CHF,EUR,SP00,A,2015-02-25,1.0773,A,,,,P1D,,A,,,,,,,99Q1=100,,,4,,4F0,,Swiss franc/Euro ECB reference exchange rate,"ECB reference exchange rate, Swiss franc/Euro, 2.15 pm (C.E.T.)",CHF,0
EXR.D.CHF.EUR.SP00.A,D,CHF,EUR,SP00,A,2015-02-26,1.0745,A,,,,P1D,,A,,,,,,,99Q1=100,,,4,,4F0,,Swiss franc/Euro ECB reference exchange rate,"ECB reference exchange rate, Swiss franc/Euro, 2.15 pm (C.E.T.)",CHF,0
EXR.D.CHF.EUR.SP00.A,D,CHF,EUR,SP00,A,2015-02-27,1.0636,A,,,,P1D,,A,,,,,,,99Q1=100,,,4,,4F0,,Swiss franc/Euro ECB reference exchange rate,"ECB reference exchange rate, Swiss franc/Euro, 2.15 pm (C.E.T.)",CHF,0
